<?xml version="1.0" encoding="utf-8"?>
<manifest identifier="_61GnxFIAvYz_course_id" version="1.0" xmlns="http://www.imsproject.org/xsd/imscp_rootv1p1p2" xmlns:adlcp="http://www.adlnet.org/xsd/adlcp_rootv1p2" xmlns:xsi="http://www.w3.org/2001/XMLSchema-instance" xsi:schemaLocation="http://www.imsproject.org/xsd/imscp_rootv1p1p2 imscp_rootv1p1p2.xsd http://www.imsglobal.org/xsd/imsmd_rootv1p2p1 imsmd_rootv1p2p1.xsd http://www.adlnet.org/xsd/adlcp_rootv1p2 adlcp_rootv1p2.xsd">
  <metadata>
    <schema>ADL SCORM</schema>
    <schemaversion>1.2</schemaversion>
    <lom xmlns="http://www.imsglobal.org/xsd/imsmd_rootv1p2p1" xmlns:xsi="http://www.w3.org/2001/XMLSchema-instance" xsi:schemaLocation="http://www.imsglobal.org/xsd/imsmd_rootv1p2p1 imsmd_rootv1p2p1.xsd">
      <general>
        <title>
          <langstring xml:lang="x-none">CWP Households 2</langstring>
        </title>
      </general>
      <lifecycle>
        <version>
          <langstring xml:lang="x-none">1</langstring>
        </version>
        <status>
          <source>
            <langstring xml:lang="x-none">LOMv1.0</langstring>
          </source>
          <value>
            <langstring xml:lang="x-none">Final</langstring>
          </value>
        </status>
      </lifecycle>
      <metametadata>
        <metadatascheme>ADL SCORM 1.2</metadatascheme>
      </metametadata>
      <educational>
        <typicallearningtime>
          <datetime>PT0H0M0S</datetime>
        </typicallearningtime>
      </educational>
      <rights>
        <cost>
          <source>
            <langstring xml:lang="x-none">LOMv1.0</langstring>
          </source>
          <value>
            <langstring xml:lang="x-none">yes</langstring>
          </value>
        </cost>
        <copyrightandotherrestrictions>
          <source>
            <langstring xml:lang="x-none">LOMv1.0</langstring>
          </source>
          <value>
            <langstring xml:lang="x-none">yes</langstring>
          </value>
        </copyrightandotherrestrictions>
      </rights>
    </lom>
  </metadata>
  <organizations default="CWP_Households_2_ORG">
    <organization identifier="CWP_Households_2_ORG">
      <title>CWP Households 2</title>
      <item identifier="CWP_Households_SCO" isvisible="true" identifierref="__61GnxFIAvYz_course_id_RES">
        <title>CWP Households 2</title>
      </item>
    </organization>
  </organizations>
  <resources>
    <resource identifier="__61GnxFIAvYz_course_id_RES" type="webcontent" href="index_lms.html" adlcp:scormtype="sco">
      <file href="story_content/thumbnail.jpg" />
      <file href="story_content/video_6df8y23LmeH_22_56_720x406.mp4" />
      <file href="mobile/video_6df8y23LmeH_22_56_720x406.jpg" />
      <file href="story_content/5kMdEy1yDcW_P_500_136_746_346_DX2880_DY2880.swf" />
      <file href="mobile/5kMdEy1yDcW_P_500_136_746_346_DX2880_DY2880_CX707_CY328.png" />
      <file href="mobile/5kMdEy1yDcW_P_500_136_746_346_DX2880_DY2880_CX707_CY328.swf" />
      <file href="story_content/video_5maykWUkbKL_22_56_720x406.mp4" />
      <file href="mobile/video_5maykWUkbKL_22_56_720x406.jpg" />
      <file href="story_content/video_5bOskbQfXHf_22_56_720x406.mp4" />
      <file href="story_content/video_6qHtpVWKNrB_22_56_720x406.mp4" />
      <file href="mobile/video_6qHtpVWKNrB_22_56_720x406.jpg" />
      <file href="story_content/video_6qHtpVWKNrB_22_56_720x4062.mp4" />
      <file href="mobile/video_6qHtpVWKNrB_22_56_720x4062.jpg" />
      <file href="story_content/video_6rVD1oRUEqP_22_56_720x406.mp4" />
      <file href="mobile/video_6rVD1oRUEqP_22_56_720x406.jpg" />
      <file href="story_content/5swIcRkfVPY_P_500_158_730_367_DX2628_DY2628.swf" />
      <file href="mobile/5swIcRkfVPY_P_500_158_730_367_DX2628_DY2628_CX667_CY360.png" />
      <file href="mobile/5swIcRkfVPY_P_500_158_730_367_DX2628_DY2628_CX667_CY360.swf" />
      <file href="story_content/5os7JCVyDZc_P_550_148_672_366_DX2706_DY2706.swf" />
      <file href="mobile/5os7JCVyDZc_P_550_148_672_366_DX2706_DY2706_CX632_CY344.png" />
      <file href="mobile/5os7JCVyDZc_P_550_148_672_366_DX2706_DY2706_CX632_CY344.swf" />
      <file href="story_content/5puOZo10aK0_P_591_387_141_106_DX2880_DY2880.swf" />
      <file href="mobile/5puOZo10aK0_P_591_387_141_106_DX2880_DY2880_CX148_CY112.png" />
      <file href="mobile/5puOZo10aK0_P_591_387_141_106_DX2880_DY2880_CX148_CY112.swf" />
      <file href="story_content/5puOZo10aK0_P_995_387_124_100_DX2880_DY2880.swf" />
      <file href="mobile/5puOZo10aK0_P_995_387_124_100_DX2880_DY2880_CX147_CY112.png" />
      <file href="mobile/5puOZo10aK0_P_995_387_124_100_DX2880_DY2880_CX147_CY112.swf" />
      <file href="story_content/6LrGhp8YoI8_P_540_270_266_252_DX890_DY890.swf" />
      <file href="mobile/6LrGhp8YoI8_P_540_270_266_252_DX890_DY890_CX82_CY78.png" />
      <file href="mobile/6LrGhp8YoI8_P_540_270_266_252_DX890_DY890_CX82_CY78.swf" />
      <file href="story_content/6LrGhp8YoI8_P_876_270_282_252_DX890_DY890.swf" />
      <file href="mobile/6LrGhp8YoI8_P_876_270_282_252_DX890_DY890_CX87_CY78.png" />
      <file href="mobile/6LrGhp8YoI8_P_876_270_282_252_DX890_DY890_CX87_CY78.swf" />
      <file href="story_content/5kMdEy1yDcW_P_589_389_121_92_DX2880_DY2880.swf" />
      <file href="mobile/5kMdEy1yDcW_P_589_389_121_92_DX2880_DY2880_CX135_CY108.png" />
      <file href="mobile/5kMdEy1yDcW_P_589_389_121_92_DX2880_DY2880_CX135_CY108.swf" />
      <file href="story_content/5kMdEy1yDcW_P_995_380_124_101_DX2880_DY2880.swf" />
      <file href="mobile/5kMdEy1yDcW_P_995_380_124_101_DX2880_DY2880_CX133_CY108.png" />
      <file href="mobile/5kMdEy1yDcW_P_995_380_124_101_DX2880_DY2880_CX133_CY108.swf" />
      <file href="story_content/video_5WVQWc8ISMr_22_56_720x406.mp4" />
      <file href="mobile/video_5WVQWc8ISMr_22_56_720x406.jpg" />
      <file href="story_content/video_6gCVmrarVuh_22_56_720x406.mp4" />
      <file href="mobile/video_6gCVmrarVuh_22_56_720x406.jpg" />
      <file href="story_content/txt__default_6VBBArC7oxb.swf" />
      <file href="story_content/6qPEWLxr2V9_DX496_DY496.swf" />
      <file href="mobile/6qPEWLxr2V9_DX496_DY496_CX248_CY112.png" />
      <file href="mobile/6qPEWLxr2V9_DX496_DY496_CX248_CY112.swf" />
      <file href="meta.xml" />
      <file href="story_content/FontFactory.swf" />
      <file href="story_content/fonts.swf" />
      <file href="story_content/fonts.xml" />
      <file href="mobile/fonts.js" />
      <file href="story_content/frame.xml" />
      <file href="story_content/frame.js" />
      <file href="story_content/user.js" />
      <file href="mobile/app_store.png" />
      <file href="mobile/mobile_icon.png" />
      <file href="mobile/linen_background.jpg" />
      <file href="story_unsupported.html" />
      <file href="mobile/txt__default_6VBBArC7oxb.png" />
      <file href="mobile/player.css" />
      <file href="mobile/player_compiled.js" />
      <file href="story.swf" />
      <file href="story_content/frame.swf" />
      <file href="story_content/slides/5z0b8C6q0bF.swf" />
      <file href="story_content/slides/6jdjabaAZVy.swf" />
      <file href="mobile/slides/6jdjabaAZVy.gz" />
      <file href="mobile/slides/5z0b8C6q0bF.gz" />
      <file href="story_content/slides/69e7oY4BSLG.swf" />
      <file href="mobile/slides/5z0b8C6q0bF.js" />
      <file href="mobile/slides/6jdjabaAZVy.js" />
      <file href="story_content/slides/5taefDuKGes.swf" />
      <file href="story_content/slides/6kdvVjZJi0D.swf" />
      <file href="story_content/slides/5lk4Tl6WI1q.swf" />
      <file href="mobile/slides/69e7oY4BSLG.gz" />
      <file href="mobile/slides/6kdvVjZJi0D.gz" />
      <file href="story_content/slides/5gpcw7LdcmI.swf" />
      <file href="mobile/slides/5lk4Tl6WI1q.gz" />
      <file href="mobile/slides/5taefDuKGes.gz" />
      <file href="mobile/slides/69e7oY4BSLG.js" />
      <file href="mobile/slides/6kdvVjZJi0D.js" />
      <file href="mobile/slides/5gpcw7LdcmI.gz" />
      <file href="mobile/slides/5lk4Tl6WI1q.js" />
      <file href="story_content/slides/6QPDwjIorCo.swf" />
      <file href="mobile/slides/5taefDuKGes.js" />
      <file href="mobile/slides/5gpcw7LdcmI.js" />
      <file href="mobile/slides/6QPDwjIorCo.gz" />
      <file href="story_content/slides/66CjV6UCY68.swf" />
      <file href="mobile/slides/66CjV6UCY68.gz" />
      <file href="story_content/slides/5s79NgaPy7E.swf" />
      <file href="mobile/slides/6QPDwjIorCo.js" />
      <file href="story_content/slides/5aVYlSfV04y.swf" />
      <file href="story_content/slides/6fBAoRq7SJs.swf" />
      <file href="mobile/slides/66CjV6UCY68.js" />
      <file href="story_content/slides/5gMzPnVOTjp.swf" />
      <file href="mobile/slides/5s79NgaPy7E.gz" />
      <file href="mobile/slides/6fBAoRq7SJs.gz" />
      <file href="mobile/slides/5gMzPnVOTjp.gz" />
      <file href="mobile/slides/5aVYlSfV04y.gz" />
      <file href="story_content/slides/5aisM6XSW4u.swf" />
      <file href="mobile/slides/6fBAoRq7SJs.js" />
      <file href="mobile/slides/5gMzPnVOTjp.js" />
      <file href="mobile/slides/5aVYlSfV04y.js" />
      <file href="mobile/slides/5s79NgaPy7E.js" />
      <file href="mobile/slides/5aisM6XSW4u.gz" />
      <file href="story_content/slides/5vhmNol8oKQ.swf" />
      <file href="mobile/slides/5vhmNol8oKQ.gz" />
      <file href="mobile/slides/5aisM6XSW4u.js" />
      <file href="mobile/slides/5vhmNol8oKQ.js" />
      <file href="story_content/slides/6Ah1CP8K5hj.swf" />
      <file href="mobile/slides/6Ah1CP8K5hj.gz" />
      <file href="mobile/slides/6Ah1CP8K5hj.js" />
      <file href="story_content/slides/6FmsQ2dHUeT.swf" />
      <file href="mobile/slides/6FmsQ2dHUeT.gz" />
      <file href="mobile/slides/6FmsQ2dHUeT.js" />
      <file href="story_content/data.swf" />
      <file href="mobile/data.gz" />
      <file href="mobile/data.js" />
      <file href="mobile/masks.js" />
      <file href="story.html" />
      <file href="story_html5.html" />
      <file href="index_lms_html5.html" />
      <file href="story_content/blank.html" />
      <file href="story_content/story.js" />
      <file href="amplaunch.html" />
      <file href="mobile/mobileinstall.html" />
      <file href="index_lms.html" />
      <file href="lms/AICCComm.html" />
      <file href="lms/AICCFunctions.js" />
      <file href="lms/API.js" />
      <file href="lms/APIConstants.js" />
      <file href="lms/blank.html" />
      <file href="lms/browsersniff.js" />
      <file href="lms/Configuration.js" />
      <file href="lms/goodbye.html" />
      <file href="lms/lms.js" />
      <file href="lms/LMSAPI.js" />
      <file href="lms/NONEFunctions.js" />
      <file href="lms/SCORM2004Functions.js" />
      <file href="lms/SCORMFunctions.js" />
      <file href="lms/UtilityFunctions.js" />
    </resource>
  </resources>
</manifest>