﻿<?xml version="1.0" encoding="utf-8"?><bwFonts xmlns:xsi="http://www.w3.org/2001/XMLSchema-instance" xmlns:xsd="http://www.w3.org/2001/XMLSchema" fontfactoryurl="story_content/FontFactory.swf"><font id="00" name="Open SansBold Charset1 6Ayv2lNu55j"><glyphs><g i="0" c="384" p="#^DP$v%jL$v%UIDmMI7mrIzk6I_i3Isi$H6jIHzkpH0mfHEm%RE$v%yA$v%$v9e%Jz9e%$BUnBCAqSCzsXCSrcDpqtDYoID8o%iG9e%TJ9e%tM8oEMPoUMcq9NAriNzspNCrGNbqYNMoaOUn%rQ9e%aU9e" /><g i="1" c="385" p="#^VA8pVAarABdsfCgtLDgteFgtUFesyGbryG8pyG6nTF6mdF5lJD5leC5lzB6mVA6nVA8p^mK8pmKusBInuRGfwIDfwKBfweAovKywuWxVs6xir6x8p6xOlSyYjCA5iMD5iKF5ieHYiKIOjyJplmK$mmK8p" /><g i="2" c="386" p="#^DH$v%7Hfu%WGfukGcvdFKv7EfwJCfwjAfw5zZuTxGtTxfr%Txmi%BBmi%BBkqBBNr6CxsEChtODhtmFht2GesLGbrLGMo%LGmi%uKmi%uK$v" /><g i="3" c="387" p="%^GB$vYx$vYx$cGB$c" /><g i="4" c="388" p="#^gCfwSzfwuynu6xvs6xbp6xQlvyZjVz5inC5iYE5iiG5k%qG5k8Gzi8Gmh%8G$c%TJ$c%TJ$v%0H$v%iGeu%8GeuTEfwgCfw^ADht$EhtGFsslGCrpGDp%pGdppG0nJF4m2F7lwD7lgC7lABbmUAenUAfpUAgrABhshChtADht" /><g i="5" c="389" p="#" /><g i="6" c="390" p="#^$vmi%3Ami%EC1qZC1r5Dos%aDosiD8rHD1q%dGmi%dKmi%rEKxEDTzaCXAIA$BKy$BNx$BRwNB%RwQywx$yjy$yiz$y1AoyNANxbBzw%pBVv" /><g i="7" c="391" p="#^NxPeNx$cPz$cRB$cRBPeRBHfkBagQAFgPzFgNxFgNxPe^GB$v%Yx$v%Yxmi%GBmi" /><g i="8" c="392" p="%^wBAo8DvmZGmi9LmiLFgovL$vcH$vgDtqGBLrGB$vYx$vYx$cGB$cGBtltBAo" /><g i="9" c="393" p="#^BDLkpCLkKBvl4BemZADn%bGDnaGemtFvlNELkBDLk^7EfwQAfwZyru6xCs6xgp6xQlQyZjyA5iAD5itG5i4ILjHJolHJio%HJ6q%UA6qYAHrQBBsICutiEutwFutCGetJHZsWIps%WIhvXHMvQG$vJFfw7Efw" /><g i="10" c="394" p="#^IDhtGEht2GRs%2GDvFEfwDCfwoAfwmz6vlyZtlyKr%ly9l%zw9l%zwAj%Dyki%Hzsf%4Csf%4Cmi%VFmi%VF9l%4C9l%4CJr4CwswCVsZChtIDht" /><g i="11" c="395" p="#^zF5ikG5iQGci%yGHl5GzlsFzlFDzlFCumGBonGB2p%GB$v%Yx$v%Yxmi%MAmi%jBEk%vBEk8CujdDOiiE5izF5i" /><g i="12" c="396" p="#^tHYrtH2u$F9vyEfwEBfw9Afw6z2w3yRv8xsv%8xnsaySstzctNAxtMBxtNDxtNDlsNDVrwDErfDmrBC0rXBGqQAcqgzypwy_oNxqorxIn6xZm6xVl6x4kwy5jXz5iwC5i_E5ijH9j%bGSlaFplhE8loDSksCSkPASkPALlPAfmlBDmTB_mGDIngFlo$FVoLGtp6HcqtHXqtHYr" /><g i="13" c="397" p="#^9K$v%rG$v%rG1orGxmXFPlsF4loE4lZC4ljC7mGBanGBAp%GB$v%Yx$v%Yxmi%OAmi%iB5k%vB5k1C9j4DDi7E5itF5ixI5iCJ5k%XJ5kvK8jzLDiDM5iZN5iiQ5iuRhjGStkGS5n%GS$v%XO$v%XO1oXOxmrOPlYN4lUM4lwL4lQK2m9K0n9K8p" /><g i="14" c="398" p="%^aJ$v7IdrIGblCGbl7E$v7A$vewmiYzmiwBoo#VB0qiCTsmCTs#qCXrOCWp_CUoGEmiNIminKUo#qK9pxKHp#EKcqKKOq#QKorVKZr#_Kxs$KTs4LTs#bL_rtLsq#LLWoTLoovNmi9RmidN$v" /><g i="15" c="399" p="#^yK$v%QG$v%QG1oQG4lDE4l3D4lmC8mGBbnGBAp%GB$v%Yx$v%Yx$c%GB$c%GBSgGBjhAB_i%vB5k%HB5kXC5iFF5i3I5iiJojyKGkyK5n" /><g i="16" c="400" p="#^vF9l%gC9l%gC$v%yy$v%yy9l%vw9l%vwmj%yymi%yylhyy0fHzYdRATcnDTciFTcOGrd%RFagJEQfMDQf_CQfDCiggCMggCvh%gCmi%vFmi" /><g i="17" c="401" p="#^vF9l%gC9l%gC$v%yy$v%yy9l%vw9l%vwmj%yymi%yylhyy0fHzYdRATcnDTciFTcOGrd%RFagJEQfMDQf_CQfDCiggCMggCvh%gCmi%vFmi^bP9l%YL9l%YL$v%eI$v%eI9l%bG9l%bGmj%eImi%eIlheI0fnJYdxKTc3NTc_OTcuQrd%xPagpOQfsNQfGMQfjMigYLMgYLvh%YLmi%bPmi" /><g i="18" c="403" p="#^mz4q%mzapmz$nSz8nmAgmHBhlZCmknDOjNDdjNDwiNDJhcDjhDCUgzBUgKzUgox4i%3wpfNyUdRBUdlEUdQF5fjHigjHjijHFjIGEk5GCloEQmdDInVC9oBCCoBClp%BC4q^ZyfuZydtwzIs3Aas7Bas7CasGCIseDeteDfueDcvGCMv7Ckw7Bkw5AkwxzNvZyevZyfu" /><g i="19" c="404" p="%^ODvlwH9eBL9eGF2pGF$vVB$vVBap_v9e5A9e" /><g i="20" c="405" p="#^uDfw6xfw6xfp6xMlRyXjAA5iPD5ibG5i4I0j%ZGUl5GxlkFjlAE5lPD5lVA5lVAdpVAetPDetUEetPFYsKGFsEH2s%EHevKGOvPF0wUEfwuDfw" /><g i="21" c="406" p="#^rFfw1DfwGBvu%tBvuGBcwGBtw%GB$B%Yx$B%Yxmi%ZAmi%vB6k%GB6k_C5iyF5iYH5ikJZjIKQlIK8pIKkr3KYsqJzueIpv2HfwrFfw^lE4lZC4lkCWlHBMmGBJo%GB7pGBkrkChs_CetoEetVGetVG5pVG4nhG4mGF4llE4l" /><g i="22" c="407" p="#^BDkt0FktGFwslGIrpGGp%pGdppG0nJF4m2F7lyD7lVA7lVAfpVAirzBjsdCktBDkt^gCfwSzfwuyou6xws6xbp6xRlvyZjVz5ilC5iED5iBEAizF3jiG5k%pG5k%KGmi%TJmi%TJ$B%8G$B%8Ghw8GxviGeu%8GeuyFdvyEKvzDfwgCfw" /><g i="23" c="408" p="#^yK$v%QG$v%QG1oQGxmiGPlNF4lDE4l3D4lmC7mGB9nGBAp%GB$v%Yx$v%Yxmi%OAmi%iB5k%vB5k7C5jdDBijE5iIF5i4I5ijJnjyKFkyK5n" /><g i="24" c="409" p="#^yF5iYH5ikJ_jIKSlIK8pIKxshJouTHfwrFfw1DfwGBvu%pBvu%OA$v%Yx$v%Yx$c%GB$c%GBqhGBfiwB6k%GB6kZC5iyF5i^lE4lZC4lkCWlHBMmGBJo%GB7pGBkrkChs_CetoEetyFetdGasVG6rVG5pVG4ndG4mxF4llE4l" /><g i="25" c="410" p="#^QJli%QJdk%HHNkhIHlhIRmhI1pKGgqcFvruCvr%PBsr%gBorHAQrHAnsHAatLCat%3FatjHatuI8uGJ5vGJZwGJmzGHGAGF$BXB$B4z$Bzx$A3w$z3wdy3w_wQw9wCxkv5zZuwyJu5yauGxCtGx_sGxds6yIrzyarqzGqlycqJxbp5x9o5xMm5xxkyyjj$z5iHC5igD5i2EbiREhi3Fli^hzWxhzHy0A7zMAAz5CAz5EAzeF0znGtynGwxnGLwIFsw1FawDDaw%HBawGAawZzEwhz7xhzWx^EAPmEAXn8BBoFBepHCepLDepeEBoJEXnJEPmJEmkHCmkEAmkEAPm" /><g i="26" c="411" p="#^qxfuqxdtZxIswyaszzasAAas7BIsHBetHBfuHBcv7BMvzAkwzzkwyykw_xNvqxevqxfu" /><g i="27" c="412" p="%^wI$vey$vey9ewI9ewIfh0Cfh0Cal3Ial3Igo0Cgo0CTswITs" /><g i="28" c="413" p="#^CG$v%UF8u%NF8uREjvRDNvSCfwgBfwizfway7v2x$t2xWr2xLpzyJo4AHn8DAn%vFwn%vFVmvFRkoDRkLBRkyzQl%jyjjGA4ixD4ihG4iKHhjcJtkcJVm%cJ$v^vFHp%3EKpsCNpFBjqSARqSAYrSAxtGCxtYDxtJENsvF1svFOq" /><g i="29" c="414" p="#^vF9l%gC9l%gC$v%yy$v%yy9l%vw9l%vwmj%yymi%yylhyy0fHzYdRATcnDTciFTcOGrd%RFagJEQfMDQf_CQfDCiggCMggCvh%gCmi%vFmi^tHPetH$cvJ$cxL$cxLPexLHf0LagwKFgvJFgtHFgtHPe^mL$v%EH$v%EHmi%mLmi" /><g i="30" c="415" p="#^qxfuqxdtZxIswyaszzasAAas7BIsHBetHBfuHBcv7BMvzAkwzzkwyykw_xNvqxevqxfu^qxakqx8jZxDiwy5izz5iAA5i7BDiHB9jHBakHB9l7BIlzAfmzzfmyyfm_xJlqxalqxak" /><g i="31" c="418" p="#^QF2hHD2hwCFilBfklB7nlB5tQF5tIH5tnK8s%nKkvbIfwtFfwABfwvzUtrxwrrx5nrxjksyditz7gmB0fgDUdQFUdqIUd2L8f%QJdiQILhPHphOG2hQF2h" /><g i="32" c="419" p="#^rO2nrOureMTt1KfwXFfwRBfwEzTtrxurrx1nrxziEzdgRBTdZFTd4KTdfMfgrOCirO2n^pB2npB2qyCzrHD4tXF4ttK4ttK2ntK1hZF1hID1hyCyipB3kpB2n" /><g i="33" c="420" p="#^0Czm%gDzm0FzmTFTlLGalLGRjLGwi0GUhiFfhLDfh%0Cfh^AKJjAKBmMI7oZGFpEDFp%0CFp%0C$v%ey$v%ey9e%XD9ebH9eTIyfAKXgAKJj" /><g i="34" c="421" p="%^7F$vlB$vlBjhvwjhvw9eZJ9eZJjh7Fjh" /><g i="35" c="422" p="%^ey$vey9e1C9e1C$v" /><g i="36" c="423" p="#^ey9e%OD9eBH9eiJef0Ljg0LFi0LgkgKilwJjmgIvm%gIEmZJ0nJK3otL5ptLPqtLftIJDuXH$vWE$v%ey$v^0Cdl%dEdlMFdlsGLk8Hgk8H9j8H8ioGIhEFfh0Efh%0Cfh^0Cdo%0CTs%uETs2GTsOGhsyHGryHrqyHdomEdo" /><g i="37" c="424" p="#^aJ$v%THLr%mBLr%3A$v%$v$v%iC4e%WG4e%fN$v^ZGAoaFOiXE2iJEhhDERgdEpijCAo" /></glyphs></font><font id="10" name="Open Sans Charset1 5XFNrKdbzwK"><glyphs><g i="0" c="384" p="%^_C4nLH9e$J9e1E4p1E$vXB$vXBap$v9egy9e" /><g i="1" c="385" p="#^ODfwQAfw6zruoxDsoxqpoxam_yhkAAnigDniNFnifH1kJIGlJIoo%JIGp%vzGpzz1sHAgtPBuuTDuu1Guu8IAt%8Inv3HRv6G2w9FfwODfw^fD4kEB4kGA7lJzamyz1o%yG1oyG6mHF5lQE4kfD4k" /><g i="2" c="386" p="#^MGlsMGdunFev_DfwtBfwPyfwkxov%kxwthy$toziuvAAuwBAu6DAuYD4uPEztPEwsPEKr7EbrsDDqvBSpDzapQyFo2y7oFxtnhxPmhxUlhxgkCykjYznigCniqEniuGfj%MFVkLD4k7C4kGA4kXzxkdzZkdzMldzimuzHmMz3nnApn_AKnJCoo5FfpWF8qMG0rMGls" /><g i="3" c="387" p="%^oM$v0K$vgA0haA0h#mAFjmARlmA$vsy$vsy9eOA9ewK3tCK3t#BKKsvKYq#qK9prKoorK9eoM9e" /><g i="4" c="388" p="#^HJipHJzs1IpuoGfwuDfwHBfwiApvVyzu8y_soxproxipox0m1zckGAnizDninGni1IfkHJ6mHJip^vzhpvzSrwActyByuxDyuwFyuyGctAHSrAHhpAHKmyGqlwF5kwD5kwB5kvAplvzImvzhp" /><g i="5" c="389" p="#^XN2nXNkrMLOtCJfwLFfwOBfwFzRtwxqrwx1nwxGiFzhgPBTdMFTdCJTdMLjgXNLiXN2n^Jz2nJzHqfBzsOCruLFruJIrudKzsKLHqKL2nKLsjdKBhJIKfMFKfOCKffBChJztjJz2n" /><g i="6" c="390" p="%^lL$vUI$voClnwA$owA$vsy$vsy9ewA9ewA$mCI9e3L9eUDVl" /><g i="7" c="391" p="#^4GLf8DLfrBIhKzFjKz4nKzAqnBvs0Dpu3GpuWHpujKKt%jKyvtIfwKFfwOBfwFzStwxsrwx2nwxhkyyciAz7gwB0ftDUd6GUdWIUd0LVe%8KHg5ILf4GLf" /><g i="8" c="392" p="%^aA$v8y$v8y$caA$c" /><g i="9" c="393" p="#^aA$v%8y$v%8yDi%aADi^Zx$eZxiejy_dFyFdazFdFzFd$z_dmAjemA$emAGf$z0gFzmgazmgFymgjy0gZxGfZx$e" /><g i="10" c="394" p="#^uDfwAAfw_ysuoxFsoxopox1m$yckDAniDDniBEniyFAiwGNi3H3j%sGNkNFwk_ElkbEakADakvzakvznpvzRruAatuBuurDuu6FuuTGLt%TGyvxFfwuDfw" /><g i="11" c="395" p="#^8A8pGAooLBbn%3GDi%tIDi%2Djo%RI$v%oG$v%GBGp%8A_q%8A$v%8y$v%8y$c%8A$c%8A3n8AKn2A8p" /><g i="12" c="396" p="#" /><g i="13" c="397" p="#^tCAu$CAuvDvu$DpuiEku%iETvZD1wkD8wHCfwaCfwhyfwhy9s%hyck%nwck%nwdj%hyni%8zxf%jAxf%jADi%cEDi%cEck%jAck%jA3sjAhtUAXttBAutCAu" /><g i="14" c="398" p="#^iH$v%iHkniHIlyGVkPF5kdE5k7C5k8BelaAmmaAZo%aA$v%7y$v%7yDi%NzDi%7Ark%dArkRAsjYBWi4DnitEniTGni5IyjkJIkkJgn%kJ$v" /><g i="15" c="399" p="#^2ADi%2Air2AWsNAKtxByu7DyudFyubGpt9Hfs9HEp%9HDi%bJDi%bJ$v%wH$v%dHcu%6HcuuGbvnFJvhEfwSCfwqAfwcz5v$xWt$xnr%$xDi" /><g i="16" c="400" p="%^XD$vSB$vSB$fdw$fdw9eBJ9eBJ$fXD$f" /><g i="17" c="401" p="#^iH$v%iHlniHJlyGWkPF6kdE6k6C6k8BflaAomaA$o%aA$v%7y$v%7y$c%aA$c%aALiaANj3Atk%bAtkOAwjUBZi$CpiqEpiTGpi5IAjkJKkkJgn%kJ$v" /><g i="18" c="403" p="#^nG$v%ZF5u%TF5uTElvTDOvTCfwoBfwpzfwgydv8xbu8xis8xfoDD2o%UF_n%UF8nUFAldFQkyE4k2D4knB4kgz5l%EyyjDz0jOAJi_BpiaDpizFpiJGtjTHwkTHSm%TH$v^OBAuHDAuMEytRFvsRFDq%RFqp%PDvppBApkAfqgzWqgzksgzptWz$tBAAuOBAu" /><g i="19" c="404" p="%^Uz9epzCk6yCkCx9e" /><g i="20" c="405" p="#^fEni8FniRFwi%zFokKEdk5EdktCdkjBxlaARmaAPo%aA$v%8y$v%8yDi%PzDi%2A5l%8A5lUANjXB4j_CnifEni" /><g i="21" c="406" p="#^5JDi%5JVj%DGckYGDkdHjlvH$lvHSmvHQo9G$pPEartCarSBarlB3r2ALr2AOs2AltvACtYATt2CTt%qETtBGTtLHOuWIIvWIrxWIFz8HQAmF$BXB$Bjz$BUx0Btw2Atwfytw1xfx8w1yfvszXuXyIuAydueyKtey4teylsDyOr0zfrSzKqQyjqayipwxgowxXmwxLkQyzj9AniACniDDnitEDi^qyeyqykzkzUzfAsAZBsAwEsAKFHzZGWyZGCxZGwwiG5wDFHvMDHv%lBHvZzHvbzlwqy$wqyey^wzVmwziojA1p6BLpxCLpvFLpvFSmvFSjuCSj3BSjhADkwzolwzVm" /><g i="22" c="407" p="#^Zz4r%Hy4r%3y9e%BA9e^RxIuRx2tjz2t0A2toAttNAUtNAIuNAuvoAWv$zmwjzmwGymwfyZvRxAvRxIu" /><g i="23" c="408" p="#^eHcu%7HcuKFfwXCfwjAfwRysuoxFsoxlpox1mSyckkAniXCniFFni6Hlk%gHlk%bHnj%7Hri%7H$c%9J$c%9J$v%wH$v^bDyugFyubGqt7Hhs7HMp%7Hlp7HvmaGileF4kaD4koB4krAtlvzRmvzmpvzWrrAetnByubDyu" /><g i="24" c="409" p="#^mEfw3DfwZBMvUAhvaAhu%0AhuaAsvaAvw%aA$B%8y$B%8yDi%NzDi%3Ark%aArkYAlj_BSi0DnimEni0HnisIbkVJ$lVJipVJBsrIquZGfwmEfw^3E5k0C5k5BelbAmmaARo%aAhpaA6s6Bkt2Cyu7EyuRFyuQG8tPHKrPHgpPHMmQGrlRF5k3E5k" /><g i="25" c="410" p="#^RxIuRxTtdyttBy2tiz2t$z2toAttOATtOAIuOAvvoAXv_zmwizmwGymwfyZvRxAvRxIu" /><g i="26" c="411" p="#^MJljMJ3mVHxn3G_oDC_o%wA_o%wA$v%ry$v%ry9e%4D9eMJ9eMJlj^wAcn%oCcn8FcnmGjmBHplBHsjBHGhrGPgiFYfRCYf%wAYf" /><g i="27" c="412" p="%^4B$v$vDiayDi2Byq#1CktcC9uiC9u#qCwt8Dur#SDsplGDixIDirD$v" /><g i="28" c="413" p="%^4J$vCG8o#oGqnLFTkFFTk#9F0nNEaogC$vWz$vgwDioyDi#HzFnmAiq#2BWs8BRtfBRt#nB9tGB2s#ZBXqcCiqFEDiRGDieJiq#WJosaKPtgKPt#jKntxKts#LKyr4NDiaPDiuL$v" /><g i="29" c="414" p="#^aEbk%MAbk%MA$v%Ky$v%Kybk%lwbk%lwgj%Kyyi%KyOhKyTc1DTc6ETcxFid%0FWeRDye0DyeSByejBjfMA3gMALh%MACi%aECi" /><g i="30" c="415" p="#^bP$v%bPhnbPHlvOUkQN5koM5kuK5kAJblHIgmHIwo%HI$v%FG$v%FGhnFGHlZFUkiF5kRD5kXB5k2BelaAnmaAZo%aA$v%8y$v%8yDi%NzDi%7Ask%dAskNAtjQBWiTCniaEnijHnigIDk%nIDkZIBj5K_ieLniHMniYOni4QyjdRIkdRgn%dR$v" /><g i="31" c="418" p="%^_L$vWJ$vWJCnwACnwA$vry$vry9ewA9ewALlWJLlWJ9e_L9e" /><g i="32" c="419" p="%^FJ$vsHkqiAkq5y$v$v$v2D4eOE4eQL$v^OGsoJEWi#kEShUDlg#DDwh7DWi1Bso" /><g i="33" c="420" p="#^sy9e%uD9e2H9eDIdfdKggdKzidK9kkJblsIdmLGxm%LGEmPKlnPKWqPKjtbJFuAH$vGE$v%sy$v^wAOl%XDOl8GOl5H6l3Ipk3INi3Ihh_GDgWFYfADYf%wAYf^wAzn%wAeu%fEeupGeuvHptBIzsBINqBI6ptHlomGzn4Ezn" /><g i="34" c="421" p="#^2BIh2ByiuBjjWB4k_C8lzEekaFsjOFGiOFGhOFJg9F8gxEyfuDyfpCyfJB8g2BJg2BIh^XCruTFruQHys%uCnn7BcozALo0AhpKzVptzxqtzkrtzLspABtmBruXCru^nxnrnxNpdyzo3zlngB5meAXkSzlkuzKjgz5j2zsi2zLh2zWfeAVerBTdADTdyFTdHGUeQHVfQHJhQH1j_G8k9GflfEnm%dJ9rUJoqiKnpJKmo$K9n%2N9ndMEqyKrs%bO$v%oL$v%8JQtIH7vcGHvJEfwUCfwgAfwPyYunxFtnxnr" /></glyphs></font><font id="20" name="Articulate LightBold Charset1 6T5woBVI6zx"><glyphs><g i="0" c="256" p="#^tKjvXJLvoJVvSI2wlI7wRHdwhHfwKGiwiGiwdEiwACEvXA_uMzNtByzs$xVqpxeppx9npxcl$xyjCyThLzGgVAsfzCNedE5ehG5eGG5efH8eRHaeoIfeXIjerJreYJzetKQe%lKOgaJng9Idg8H3gkG3gHE3gqDCgaC8hkB5iuA2j2AmkCzFlCzdnCzNo0A5qrAorhBks8CgtoDOtEEkuiGkutHkuqI9unJZtlKAt%tKhv" /><g i="1" c="257" p="#^9G$v%9Gbo9G8mtFllNExkrDxkuCxkQBXkaBklMA_lnADmbAqn$zdo$z$o%$z$v%Xx$v%Xx6d%$z6d%$z4l%Dz4l8A0keBmjkCIiIDIiXEIiOF5jGGujcHckLHWk_HYldIZmdIeo%dI$v" /><g i="2" c="258" p="%^Xx$vXx$i$z$i$z$v^Xx9gXxBd$zBd$z9g" /><g i="3" c="259" p="%^Xx$vXx6d$z6d$z$v" /><g i="4" c="260" p="#^iGtpiGDo5GKnVFRmuF7m4FplqEZkMDxkRCxkTBxkeBVkCAhlbAZlNzEmBzznpztopzwppzCqBzxrOzrsdA5tEALthB6uWBtuRCtuNDturE$t5FxtwFPsXF4s6GbriGiqiGtp^iG$v%iG$t%FG$toGxuWF0vtFuvXEMvpE2wODawbDiwzCiwnBiwnARvozovHywu_xEtBxnscx6rcxtpcxXnwxJmQxvluyBk8zHj9AcjbBIizCIi4EIi9FrjeG9kFG5l%iG5l%iG6d%mI6d%mI$v" /><g i="5" c="261" p="%^hI$vJzeh5Aeh5A$vUx$vUxoeqAoe7JrtNIrtNIoe_Koe_K$v" /><g i="6" c="262" p="#^zFCozFPnnF3ncFjmRELluEblXDSkpDxkECxkXBxkjBRkIA8leAHlMzemvz$mezLndzmo%4Gmo^dzbqdzSqszHrIzwsbA8tGALtnB6u5Ctu3DtupDtuRDpuiEluJEeu9F7uDFYt6GMtRGxt%RGwvIF_vHE8wHDiwXCiwmBiweAOv7zivoyouGxutlxes0xZq0xtp0xWnqxGmRxqlAyykkzFjkAbjlBIiwCIiXDIiXEfjXFNjzGHkcHBluHKmMHTnMH5p%MHbq" /><g i="7" c="263" p="#^bEHvwD6w1DcwyCiw$BiwZAiwmAZvMzEvrz4v6zvu0zOtXy4tXygs%XyQk%uwQk%uw$i%Xy$i%Xy2g%$Arf%$A$i%RD$i%RDQk%$AQk%$AKs$AstiBZtCBtuqCtuLCtu1DqujDmu2Eau%aEHv" /><g i="8" c="264" p="#" /><g i="9" c="265" p="#^XFpjXF0i9FbhnEmgOCmg%jAmg%jADm%rBDmLCDmBDrmsEfmZESluFtlIFTkXFhkXFpj^8Itj8IJkHHGlfHDmtGhnHFWnEEgoCDBonCBo%jABo%jA$v%6y$v%6yoe%yCoeaFoeFGIf8I$g8Itj" /><g i="10" c="266" p="#^JDJkpDQkRCQk$BQkrBglUAHlzAnmfA3n7AWn$zMo$zzp%$z$v%Xx$v%XxflXxLkVxjkTxTjQx$i%Uz$i%Uzol%wzol$zckTAsjLBIiUCIi7DIimDKiCDLieEVi%eEJk" /><g i="11" c="267" p="#^dFusdFvtOEeunEYuIDqv1DTvcC4woBiwzAiwJziwMyawQx2wQwCv%0xGtcy8u_yjuNztuuAtu_AturBkuVBbufCYtBCItOClt0D_s0Dus0DRrCCprdCZqzBCqVAeq7AUplzxpEy5pYxFotx0o$wnn$wnm$wolmxHkKx_jlyxjYy4jJzUivAIijBIiUBIiLCQiDDYiGEmj%uE6lPCxkuBxkbAxkDz_k3zql3zmm3zRmszbnRzwnwASncBbo$ByoPCUowDppeEVpJEFqdFordFus" /><g i="12" c="268" p="#^9G$v%9G2o9GomvFtlSExksDxkvCxkRBUkbBflNASlnAsmbAfn$z1o$zVo%$z$v%Xx$v%XxwlXx3lVxukTxVjQx$i%Rz$i%Rzdl%tzdl$z$j1Bmj3CIiGDIiSEIiJF4jBGsj8H8kHHQkYHMldIImdINn%dI$v" /></glyphs></font><font id="30" name="ArticulateBold Charset1 6gTv10RbXjV"><glyphs><g i="0" c="256" p="#^JKKvIJ0wEI9wAHiwJGiwMEiw1DPviBjv_zguHydtWxzraxUpaxwnaxklPxCjtyThHzHgWAvfHCTetEeeLGeeRHeeVIseZJFeIKYe%sKVhLJuhQIehWH_gNG_gcF_g3EzhWC7icC1jvBWj9B3lQAbmQAhnQAHofBRpGB_qrCPrdDEsiE5toFytJGyt5HytAHwt4IttBInt7JhtEJ9t9K0tAKPs%JKKv" /><g i="1" c="257" p="#^cG$v%cG2pcGro8GPn5GanUFEmIF5mfFMlOEql0Eql8DqlACQl0CemGBSmlBuncBeo4BZo4BCp%4B$v%Jx$v%Jxed%4Bed%4BSk%7BSkEB3kGCrjJDPi9FPiiGPi8Hcj_HAjwIgk2JXkiJTlzJPmzJUn%zJ$v" /><g i="2" c="258" p="%^Ox$vOx6j9B6j9B$v^OxMgOxzd9Bzd9BMg" /><g i="3" c="259" p="%^Ox$vOxed9Bed9B$v" /><g i="4" c="260" p="#^cGspcGVo2GdoUFwnyFUmcFgmCERl0Eql8DqlkCqlOBQlgBemYASmEAtnwAbopAVopAxppAhqyA0rIALr1BlsnBXsVBjtsCHtdDHtZDHtwElt4F$ssFrsQFSr0G5rcGkqcGsp^iG$v%iGyu%fGyuxFtvwEUvvDiwhCiwTAiwRzMvQyevayjuxxotdx9sVwVqVwtpVw9obxYmtxKl6yQkMyVjOzmjQAPiiCPiJDPiCEkjwFQjaGFk%cGFk%cGed%zJed%zJ$v" /><g i="5" c="261" p="#" /><g i="6" c="262" p="%^cQ$vIL$vyI1ivI1ioF$vTA$vfwxeWzxeaDusdDuscGxeYKxe1Ous4OusmRxeLUxe" /><g i="7" c="263" p="#^PFioIFVm1F5mnEgl6DglGBglYA6meAXm6Aio%PFio^6ABqaAtrvA4sQAHskB4tQBttsCFt4DRtLDRtYERt1Gtt6H4t3Ixs%3Igv$GSvRF4wIEiwADiwnCiwbBZv$zEv1zTu4y5uuxPsVwwrVwApVweogx0nDxNlmyRk5zVjdAmjmBPiTCPiyEPiIFljTGSjCHRkmIQlHIhn0JJo0JBq" /><g i="8" c="264" p="#^eF_fSEMfxEFfcEyfPDyf7DyfJC0gjCugjCxh%jC6j%eF6j%eFzl%jCzl%jC$v%Yy$v%Yyzl%twzl%tw6j%Yy6j%YymhYyeggzofAzye8A0eIAudsBddcCXc6DXcIDXclE0d$E4dvFcd" /><g i="9" c="265" p="#^LD2qaC2q8Byq6A1r6Ads6AVsBAnt4BRtcCRtNCRtjDFtRDtthE1tNExs1FRrhF9rhF2q^AF$vwFBvuF9vsFJuqF3u%nF3ucFruQEQutEdvXDyvqDTvNC4w8CiwsBiwyAiwJz1wUyMvgyhvExOugx4uVwmtVwtsVw3rtxcq2ylpZySoVzmo4BcofC2oqD2o%hF2ohFumyETlQDglqCglyBglxAylwzQloyFm%iyNjbznjlA5jvBPiRCPiLFPi1H5kkInlkI9okIbpkIUpkIzqkI5rlICrmI2snItsnIXsoIEtqIhusIWuwI$v" /><g i="10" c="266" p="#^nFgmYE6mCE3mhE0mRD0mqC0mNBen9Bro9BEq%9B$v%Ox$v%Ox6j%MA6j%MA1m%QA1mUAulcBVkxBkk_BTjsCpj3D6jGDPilEPi2FPinFVi%nFgm" /><g i="11" c="267" p="#^NF0kNFNiZE1iaEhhsChh%eBhh%eBDm%pCDmnDDm0EqmGEdm3FTlsFwlCF2lNFzkNF0k^rJQjrJ4l1J5mDI6nPHRn$GzoLFZovEnpOCnp%eBnp%eB$v%Kx$v%Kxxe%eCxexDxeQELe7GZe8Hzf9I9gOIbhrJcirJQj" /><g i="12" c="268" p="#^CGSvQF6wZEcw7EiwfDiwLBiwAAQvpzlvAysuLxztkxisVw1rVwspVw1okxQmLxClxyJkkzQjtAkjDBPi5DPiiEPi6FYiWF4jnGej%4GUlFFHl6FzlAEqlQDqlYCqljCLlGB3mfBDmQAbnCAXnpAHopAwppAkqBA5rOASrdBrsFB$siCltYCHtTDHtsEHt9FxtTFmtsG4t%CGSv" /><g i="13" c="269" p="#^nF_vTE8wdEdwADiwXCiwYAiwUzcvQy5uQy3s%Qyzl%lwzl%lw6j%Qy6j%Qyxg%bCsf%bC6j%9F6j%9Fzl%bCzl%bCArbCHsBCbt$CHtPDHt7EHtxECtXExthFmt%nF_v" /><g i="14" c="270" p="%^eO$veOAhaOAhtJ$v7G$vqBAhnBAhnB$v0y$v0yxeCDxeMHLrQHLr_LxeBRxeBR$v" /><g i="15" c="271" p="#^UGhpUGzoHGSnvG9n5GDmIF5m5FMluEqlDDqlQCqlcCLlBB3mbBCmOA8nBAQnpAwopAeppAfrbBtsZBHtDDHtuEHt6FltKF$s6GqsvGQrHG1rUGeqUGhp^oKBpoKbrSJrskJHtpIyuvHovgGRv2FiwFDiw9CiwVAQvFzlvMytuTxBtoxnsVw8rVwEpVw1opxMmWxvlQyDkLzLjZAhjcCPiDDPi1FPigGhjvHKjpIBkkJslSJKmoK0ooKBp" /><g i="16" c="272" p="%^Kx$vKxvseBvseB$v^KxCmKx6jeB6jeBCm" /><g i="17" c="273" p="%^SH$vABUnxBUnxB$v1y$v1yxexBxexB1mQHxe7MxeYELmrM$v" /><g i="18" c="274" p="#^cG$v%cG_ocGdo7Gzn2GUmOFqmyFXl6FHlGEqlZDql4DqlwCSlYBimEBYmkBBncBko4B3p4BEp%4B$v%Jx$v%Jx6j%UA6j%UASk%XASkdBskBB5kZBKjtCsjZC9jCD_igEPi7FPipHPiuIdkzJClzJYn%zJ$v" /><g i="19" c="275" p="%^$N$v2K$vfH9mcH9msE$vDA$vgw6jPz6jGCDsJCDskF6jdJ6j1MDs4MDsLO6jYR6j" /><g i="20" c="276" p="#^cGmpcGxo0GPnRF5nvFzmaF1mDEKl5EqloDqlUBql8BzmpAHnpArppAbqAAUqMAAr7B8svBIs0C2tyCotfDotDEotpFmscGjrcGmp^zJMuzJ9wdJoxTIEy4IzziHuA_F0BHEyBLCyBtByBoAjBjz5BiyFA%zyOxWy$xozbySznynAyyUAKypBQyWBXylCXy$CXyLDLywEAy5F0yHFpxXFvwcGBvcGXt%8GXtAFWutEtvnD$v8C$vJA$vKztvLyXu6y3utxatbx_rVwNqVwtpVwjodx7nxxXlbyZkRy$jTzpjWAPinCPicDPiQD_isE9jVEsjnFKjIF6k2GukiGSk%mGSk%mG6j%zJ6j%zJMu" /><g i="21" c="277" p="%^vF$vcBKp9BKp9B$vOx$vOxed9Bed9BfocBfocF6j9J6jlESoLJ$v" /><g i="22" c="278" p="#^MI1rMIlsiIktQHjuZGZu6GCvUEYvGDiwaCiwVAiwUz6wUyXvJxCv%2yts8z1t6Ait5Byt$BytyCyt5DptFDgt5E_syEHsQEhs6FSr6Fjr6FtqxEZpZDsp7D4phCIogBlogA_nqzpnAyPm0yVlsx$ksxxjsx9iWx9hoy9gdzwf2ASe9ByehCeeyDeeFEeeIFoeLGxeKHSe%pHKhIGphMFchQE_gVD_g9D_gCCbh4CnhKBJhpB2ifBui6BWi6Bnj6B9kGBDkeC4l4DrlWDNlWE8mXFvmNG6nDHInbIEoMIzpMI1r" /><g i="23" c="279" p="#^UGwpUGVoLGcoDGunkGSm1GemuFQlYEql7EqlfDqlGCRl5CgmKBUmnBwndBdo4BVo4Bsp4BmqgB8rtBVrRBtsdC1tNCmtlDHt4EHtNEHtiFltQF$saGrsxGTrIG7rUGmqUGwp^oKtpoKPsWIzusHiw2FiwODiwNCTvMBrv0Bqu%ZAqu%ZA$v%Jx$v%Jxed%4Bed%4BLk%7BLkoBnkKB1k5CHjyCpj0D7jCDZidEPiZEPinGPioHjjpIPj3JJkKJCl3KRmoK3ooKtp" /><g i="24" c="280" p="#^eG3seG6tPFVtpFHuGEevYDMvXC1wWBiwJAiwJziwIy6wIxXv0xKv%dx_s2yotPyDtBzRtxARtpBRt3CstKC3tKCgsKCErhCjrRBZqcBLqAAxqPzlq2z8qpyKpNxkplxFoVw_nVwPmVwLlkx$kLxeksyLjazfj4A1j$APiYBPiVCPiQDYiLE4jCFhj%nFPlyEwlTDolcDglpCgllBglTAGlpA4mpAHmpAbnRAunhBMnVB_nyCbojDqo4EFoIE5plFwpNFdqeGVqeG3s" /><g i="25" c="281" p="#^UGwpUGHoJGXnzGbncGDmSF3mkFLlOEql6EqlnDqlPCMlfC5mSBGmtBengBZn4BIo4Bwp4B9qdBUqnBDrIBfs2CTsDChtcDHt4EHtVEHtrFht_FTsiGfsCGDrLGUqUG9qUGwp^oKtpoKMsXIxuvHiwYEiwcEiwED9w4D1wECOvcCzvQBevtBVu7Bwu%4Bwu%4BfB%JxfB%Jx6j%WA6j%WAWk%ZAWkHBLjJChjLDPiZEPilGPimHijnINj2JGkKJzl3KOmoK0ooKtp" /><g i="26" c="282" p="#^eN$v%eN3oeNBnaN7n6NEmWMgmKMUllMFlYLqlkLqlCKql6KMlDJ5mkJHm2JgnWI2oPIPoPIHp%PI$v%sF$v%sF5osFznoF5nkFCm7FemWESlxEEl8EqlwDqlLCqlfCPlMBbmuBOmdBon7B8o1BUo1BCp%1B$v%Gx$v%Gx6j%OA6j%OAVk%RAVk3BxkqB9kOBNjhCujMCajmD$iZDPiJEPiyFPi9G$iNGbjdHwjGHQjZHekhIDkuI4lYI7k_Jtj1LPiuMPieNPiZN$iIObjiPKjUPhkeQflBQcmBQMn%BQ$v" /><g i="27" c="283" p="%^xBhhxBBlqHBlqHloxBloxB$v1y$v1yxeKHxeKHhh" /><g i="28" c="284" p="%^YE1iUE1inCfptHfp^YJ$vsI$rnB$rRz$vdw$v0DxeZGxeQN$v" /><g i="29" c="285" p="%^TwEqTwUnsDUnsDEq" /><g i="30" c="286" p="#^DKbnDKYljKQk0KIjpJSiOI$hSHvhXG_gJF_gtE_gyDvhDC$h0CTiqBKj7BSkQA_lQAbnQAwo7BHpqBRq0CIrDCzsyD3ttEytJFyt$GytWH1tRIwsrJFr2KNqkKDpDKsoDKbn^hOcnhO9pJNQqaNus5MIt0LVupJCvPHiwHFiwzDiwYBDvmAXuizKteywsIxRqax9paxbnaxclJxzjgyVhlzKgrAyf1CUeDDeeJFeeJHeeiJTeUKvf_LHg5NThHNxjhOblhOcn" /><g i="31" c="287" p="#^nG$v%nGeu%kGeuDF5vzEIvwDiw3CiwXAiw6AWvhzxvLySueybuZxftJxjsJxbr%Jx6j%4B6j%4BYp4BGq7BmraB1soBysDB2t3CntvCHtfDHt2EHtCEltaF_swFosTFNr1G_qcGaqcGip%cG6j%zJ6j%zJ$v" /><g i="32" c="288" p="%^Kx$vKxvseBvseB$v" /><g i="33" c="289" p="#^cGtpcGKo0G0oQFhnrFIm2F6muEMlWDql9DqlqCqlTBNllB8m0BJmIAhnyA1opAMopAwppAbqxAWqGAFr$AgskBTsSBhtoCHtdDHt4EHtEEhtdFSszFdsWFAr3GSqcG8qcGtp^cGfB%cGwu%8GwuvFjvEEPvODiwqCiwYAiwVzMvTyevbykuwxptcx9sVwVqVwtpVw1odxPmyxAldyIkVyPjWzjjYAPinCPi1FPiiGWk%mGWk%mG6j%zJ6j%zJfB" /><g i="34" c="290" p="%^XH$vfBXicBXicB$vRx$vRxxe8CxeOIArSIArSIxedMxedM$v" /><g i="35" c="291" p="#^sERw5ENxIDDykDuzMC7AcCNAnB9BzAyBnzyBOyyBayrByxlB3xbB%ixIyUxXy2zXyEzXy2AJytAvyJA9yZAQx4BpxcB$wcBDw%gw6j%Zz6j%4Dvs%7Dvs%dG6j%DJ6j" /><g i="36" c="292" p="#^NGMqNGDp_FWocFcohDco%xBco%xBft%$CftQEftOFHsNG7sNGMq^fGrjfGfisFMhGEhhaDhh%xBhh%xBBl%WCBlBDBlbEvlOEolfF8lJFUk_FukfG3kfGrj^hKVqhKgsPJetlJbuvIPuGHqvwGJvnF$v$D$v%1y$v%1yxe%ZDxe7Fxe9GLebHYe_HtfOIZfgJSgLJKhLJ2jLJAkOIBlRHCmgGVm%gGYm5H1nQHlnzIFn5JaoEJHoYJnphK3qhKVq" /></glyphs></font><font id="40" name="ArticulateBoldItalic Charset1 6jzJDdwmmEi"><glyphs><g i="0" c="256" p="%^VGEhOGEhBCfp$Hfp^4J$vtI$r2B$rPy$vXu$vwFxepJxeAM$v" /><g i="1" c="257" p="#^bKXmbKmn7KRn3Kjo_JIo%pI$v%2F$v%sGbpzGHoDGcoHGJnHGinHGomaGVlFFqlTEqlnDqlwCwmFBCnfBwp%Tz$v%xw$v%Ty4lZyDk3z6k9zAjdz6j%vC6j%hCmk%mCmkYCLjVDhjSEPi1GPiVHPi2JXjbK3lbKXm" /><g i="2" c="258" p="#" /><g i="3" c="259" p="#^cGpncGpmHFRlaFgl0EglOCglVBYl0BEmrAio%7GiocGPncGpn^pJHnpJgolJVohJxp4JBq%$zBq$zer8AQriApsGASs3BjtLBAtrCRtyDRtvERtuFDttGptwHVs%5HzvRFXvTE6wWDiwUCiwzBiwrAYvjzCvvyWuHxduex9tOw5sOwFqOw4ppxAn0y3m8zXkdASjuBljMCPi7EPikFPihG7jfHrjXH2kEIFk0JAlpJumpJHn" /><g i="4" c="260" p="%^nFgpsI$vOE$vQC3rZy$vZu$vOAgp3y6jyB6jdDxnRG6jSK6j" /><g i="5" c="261" p="#^9H3myGJlXFAlkFqlGEqlIDqlWCRl9CgmCBZm4BFnOAxoxAopxAhqxAHtlDHtZDHtHExtqFnt6G1t%KFHv2F1wdE9wpDiwxCiwdBiwbAUvaztvtyKuNx_tpxZs1xXr1xIq1x1pzxAn5y7m4z3l4A$juBpjVCPiFEPiqFPiiGXiaH3j_Hjj" /><g i="6" c="262" p="#^iGcmYF4mEF2mlF0m4F0mAD0mxC4nvB8o4Bdq%Tz$v%ww$v%PyQk%7z6j%kC6j%TBxl%WBxlvCikADzjGEPiMFPi2GPinGRiIGSi$GXi" /><g i="7" c="263" p="%^Tz$vxw$vhz6jDC6j^9DMgOzMgvAzdSDzd" /><g i="8" c="264" p="#^kGSlnFwlLEol7EglyDglqCglTBClkBYlkBxmkBYmEBjnZBFnrC_nWCjovDHo4E3pyEwp1FYpmFzqHF9rHFZrHFdtaF3uFEUuQDov$CUvYB5wWAiwTziwOyiwPx6wQwXvYvwv%GwQsyxktiyBt2zRtTzRtVARtyButbC6tbCrsbCVrSBxrxB8r2BOqAArq$z6qqzMpXykptyUo8yjoQxKnQxVmQxXleyalEypknzUj7Amj8B5jaCPiqDPiiEPi7FXiYF3j2Hkj" /><g i="9" c="265" p="#^VD2qGC2qJBjqNAzqhA3r1AjrTzHrKz3sKzusKz8teAvtKARtpBRtiCRtWCztyDht_DOsqEjsIECr$EVqeF2q^LINmLI8nHIFnDI9owILoqIlpiIZpaIBq3I8r%zHCtrHiulHSufHqvaH$v%lE$v%HE0u%EE0uBDovACRvABiwtAiwJziw$y5wiyUvLxrvcx_uSwiuxwBtxwCsxwur0xyqvxBpQyXoRzrogBfoIC2oqE2o%BF2oIFEnIFXmIFumuFamgFSlVEFlzErl5EmlEDgl8Dgl8Cgl5Bul3AIlUygm%mzAjEA7jKBZiRCPiJDPiOEPiJF1jEGfjjHKj$HcknIYkLIIlLINm" /><g i="10" c="266" p="#^6Gzl%6Dzl%VB4rOBvrMBPrKB6sKBrsKB$s4CltqCHt2DHtpDHtNDDtaEztDEnt%2E_vpD9wXCdwuCiwaCiwtBiwOA8w7A_vAzCv2zevIyAunyVtnyUsnyhsuyyrByPqMy3q%Lzzl%jxzl%Rx6j%gA6j%RAsg%sEhf%DD6j%DG6j" /><g i="11" c="267" p="#^rG9orGtneGYm2GrmJF6moFMlYEBlwEql3EqlgCqlgBrnZA1oLASoyAHpyAuqyAVr6BFsHBotGCoteDotQDbtqE_sUEwsGFKr2GCqrGtprG9o^5L6j0LnjVKRjOKikJKFk%EItuqIAv9IpwUHexBHSxiHuyXGYyBGrz8GUznFFA7E5BTCyBbByBryyB6wFA%ZwVx5yqy6zGy8AXyZAXy3CXyNCFywDnyZDXxiECxyEcxPEPw1FhwgFMvtF5vGFquUFyt%RFytbFKu1EnvTC$vwB$voA$vyzAvJy8v9ypuBxGtjxHs2xHr2xzq2xrpixmozxhn0yomZyAkoAIjPBPiBDPiLEPiOFljRGTjvH_k%TH6j%5L6j" /></glyphs></font><font id="50" name="ArticulateItalic Charset1 5VCTgTjbLTo"><glyphs><g i="0" c="256" p="%^tJKgOCKgIBRlRHRlnH2odB2ovz$vXw$vLAxeVJxe" /><g i="1" c="257" p="#^$HhhcHQgtGEgLFrgRErgfDrgjC7hnBPhnB9jnBTjPBpkfCXkVCplzDSllEjm7FMmNFmnrGXnTGKokHxpkHHqkHKrXGLszGMtPFzu3FlvXDQvPCiwhBiwbAiw0z4wSxSvpwhv%cx_sbyzt7zQt3A5uZA5uPB5uvCRtbDAtGD9t9EKspEasGEBrGE_qGE4qdEwpNDXo7DtotC$nHBAnVA9nfABmBz1m9zelJyrkJycjJy2ibz7hFzcgtAzfiBWekCAenDeevEeeyFeeBGreEHDeII2f" /><g i="2" c="258" p="%^DK$vpH$vtCuhqCuhrz$v2x$vGAxeZDxeVI9tYI9t2MxeqOxe" /><g i="3" c="259" p="#" /><g i="4" c="260" p="#^3Hmo3HMmbGPljFRk_DRkaDRkAC7l_BpluBVl3BkmJAVmoAun9A8oWzNoOztpGz8qGzKqGzHrWznsaA3tAAwt_AYtxBau5CouHCourDou3E7uHEStbFmtBFYsWFosgGQrwGarMGwqVGOp3H4p3Hmo^RIzrAIRsnI1uaIdv4I$v%TF$vXFBv2G1vaGtuiG2u%fG2uJF2vKEGvLDiwSBiwJAiwRzSvZypvmyHuMxZttx0tax3sax0rax6pLxtnlyQlozNklAQjoBojrCXiODXi3FXicGxjlH6kTHkl%WHkl%BJed%YLed" /><g i="5" c="261" p="#^CHuoCHInmH1n7HmmIGTlhGolIF7l7FRkqERkvDRkLCal0CultB1mBAVm7AboGzspGzIqGzprRz4s0AKsoAftMAMtnB4u$BouUCouIDouqE3u8FKtFFetDGgs6H0rCHMpCHuo^6Kxo6KfqyJNr$IjtWHou1HhvMFOvvEiwUCiwaAiwGyPuaxjtaxAqaxVoIxsney_lgzYkqAPjJBnj0DXisEXiIFXiKGijNHFjxInkhJ4lHJ8m6Kbn6Kxo" /><g i="6" c="262" p="#^RGtlgGblJF0laFRkBERkrDRkwCjlCBMlZAymlAkn$zooGzspGzEqGzxsCAttzBou3DouEDoudEguPE8uHFPt%gF_vzEbw0EewtDiwRCiwGBiwDA$vBzHvQy2v3youCxotaxosaxYqaxkpDxUn5yrmZyllSzek9BBjtCXi6EXiaFXiXF3jJGbjqHrj" /><g i="7" c="263" p="#^cIWu%1I$v%QF$v%eGZt%bGZtxF0vqEFvkDiwQBiwOziwHyfvAxbuAxjsAxrrOxjq%hzej%DBej%6ADq1A$q_znrXzLrXz3sXzDs7A3tkAvtEAOtYA4umBeuNBoueCou6DouOD4uuELtbF1tMFsseGwrIGAq_Gjp%gIej%CKej" /><g i="8" c="264" p="#^XQcmXQcnCQHo%4P$v%KM$v%mOhoBOdnBOJmBOXl5OolCNRkKMRkHLRkXKrlcK0mJJMmeJwn_IfoKIZoFIgp%9H$v%PE$v%uG3oxGMnBGmnFGXmFGKmFGXlaGolHFRkNERkODRk4DnlmCVlSBFmmBpn3BdoNA1pFABp%dz$v%Tw$v%izik%tzej%GBej%nB_k%qB_kaCSjfDpjkEXiuFXiQGXiIHzjAIbkSI9lSJ$jVKtjYLXioNXi9OXiPObjuPrjXPTjpQjkGQVkXQvlXQcm" /><g i="9" c="265" p="#^CGrnCGhmWFzlfFRkTDRkDCRkyBNltAIm$zoo%xGooAG1oBGSnCGHnCGrn^YIPnYIhoUIVoRIxpJI8q%Kz8qHzrqGzDqGzPqGz0rGzMsFAAtEBouBDoumEoueFdu7G1ubHCt%PGMvLF0wWE9w5Eiw2DiweAiwIyWuaxxtaxzqaxgpCxWn3yzmXyslPzkk7BEjrCXiaEXioFXihGjjbHHjNHlknI_kFITlYILmYIPn" /><g i="10" c="266" p="#^VJVmVJrnPJ2oJJEoBJhp%bI$v%RF$v%mHBotH6ovHOnyHunyH9nyH6mVGulgGRkdFRk9ERklDklxCPlYBymoBhn1B7oHAZoxAFp%cz$v%Sw$v%czCk%rzej%EBej%eBfl%hBfl4C_jdDtjmEXiFFXizHXiKIYjVJYkVJVm" /><g i="11" c="267" p="#^bG8l%FC8l%xBoqsBKqnB7riBwreBTraBes8Bys6BSs6B1t6BouOCouhDouHDiu6EbusE3u%6E0wTD5wzD9wfDdwWCewCCgwiChw_BiwOBiwYAiwmA1wMzMvpznv3zZuVytuLyZtLyttLy3tRynsXyHr3z3r%iA8l%ux8l%Rxej%IAej%kBhg%SDpf%2Dej%zGej" /><g i="12" c="268" p="#^1FulpE9lID$k$CRkvCRkuBRkOAbl6Axl6Aom6AVmqAjnLAJndB3oIBpogCNoRC8pjDCpOD3q7EHqsEjrsEbssElt_D7uwDVuOCov5CSvdB4wlAiwwziwGyiwOxbwWw5wUvHv%lwFtlx4u0yeuHyougzouoAouaBUtYBntYBrsYBTrDBtriB3rPAHqlAjqMzYpczApJy7pfyFoWx4oCxunCxHmCxHl2yZkvyfkczPjWzmjMA9jCBXipCXi7DXiZD5jQEfjKFDj" /><g i="13" c="269" p="%^9L$vsI$vsHKlpHKlUB$v7z$vJxej3AejYAut$AutsGejiJejaKutdKutxPej7Sej" /><g i="14" c="270" p="%^nz$v1x$vJzej4Cej^RCogcAogLAKdpDKd" /><g i="15" c="271" p="#^VJXmVJQnBJhp%bI$v%RF$v%gH5poHrotH_nyHxnyH9nyHbmXGwllGRkdFRk9ERklDllxCRlYBzmoBhn1B6oHAXozAzp%cz$v%Sw$v%NAed%8Ded%zBRk%CBRkhCUjjDqjmEXiFFXiKHXiPI1kVJ6lVJXm" /><g i="16" c="272" p="#^3Hoo3HNmcGPllFRkZDRkzCRkuBVl5BjmLATmqArnaA4oXzIoOzopGz4qGzKqGzAsyAutqBouJCou8EouaFmtDFVsZFjsjGIrzG3rPGpqXGJp3H1p3Hoo^OGfB%tEfB%RFJu%OFJufFrvjETvoDiw_BiwBAiwFzMvJyev9yruCxEtoxIsaxMraxYqax4pNxqnoyLluzFkjAQjpBojwCXiODXiaFXikGBjvHekYHul%$Hul%sIej%DKej" /><g i="17" c="273" p="#^cGelZF7lGF3lnF_kcF_k5E_khDwltC1mUBMmkBvn$AjoGA7pyAIp%dz$v%Tw$v%izak%rzej%EBej%fBfl%iBfl5C_jeDtjoEXiAFXiVFXi9G_ipG1jJG9j" /><g i="18" c="274" p="#^FDTpYCTp9C_pnB5qIApq1AJqBzgr9zPr9zHs9z8tlzstxzMtQz_t7AbuvAiuTAoufBou7CouQC$tyDBt4EZsDElsYExrhFJqpFTp^eI_meIRn$H_o%hHxsdHKs8Hbt4HEtZG9uTGGuNGavIGGvGG$v%vE$v%WESt%TESthE2v7DGvZBiwLAiwTziw8z3wpyRvRxovhxXuZwiuFwEtFwMsFwtrbxAqJxGpJy8pJzBo6BmovC7ocE7oFE7o1F9opFaoVFboYFWn_FKn1Gyn1Gjn1G0mdFrlqERk5DRk8CRk6B7l5AolbzVl%DzAjRAcjKB4jDCXifDXiaEXi3F8jYFkjEGPjlHhkNH3leIQleI_m" /></glyphs></font><font id="60" name="Articulate Charset1 6EZrvtkLKcS"><glyphs><g i="0" c="256" p="#^uGjjuGYhuFlhvEKgRCKg%AAKg%AA2m%OC2mAD2mfETlWEHlpFllVF_kbGukuG_juGjj^HH$v%_EUpyEZo$DCosDfotCfo%AAfo%AA$v%4y$v%4yxe%pCxeODxe0FIefGTe9Hpf4IWfCISg8JNh8Jhj8J9kPIQkvIvl$H$lvHumRGOmcG6nxFen%xFhnaGwnyGZnXGpocH_o%xK$v" /><g i="1" c="257" p="#^fGoofGKn3G5nTFsmtFYl3FsltE9lUDRk4DRk2CRkoBglLAHlnAhm$zSmQztnGz3oFzoo%fGoo^Fz8qFz4r_zSrkAEsUActtBMteC4u$CouTDoutEou3FguFF8uaGXtIGKt6HxtxHjtNH6t%NHrv1HNv2G1w4FiwJDiwdCiw$ATvOzrvXyBu4yKtCxrs9x8r9xpp9xXnAxKm0yxlPyIkDzSjJApjQBXiaDXiJEXiNFtjRG$jvHZkaIXlsIgnLIAoLI8q" /><g i="2" c="258" p="%^ED$vRA$vgwejRyejiCEtlCEtTFejdIej" /><g i="3" c="259" p="%^iy$viyejFAejFA$v^9yog9yKdPAKdPAog" /><g i="4" c="260" p="%^qM$vIJ$vpGhllGhl7D$voA$viwejTyejOBNtRBNt5FejTHej4LNt7LNteOejxQej" /><g i="5" c="261" p="#" /><g i="6" c="262" p="#^ZEXvDE3w3EawvDiwWCiw7CiwqB5wJAVvbAtvGz1vmzku2zCt2zxs%2z8l%9w8l%9wej%2zej%2zhg%pBxf%pBej%NEej%NE8l%pB8l%pB3spBusvBVsBBjtRBFt5C_ttCbuRCouqDoufEouZEXt%ZEXv" /><g i="7" c="263" p="#^WG$v%WGjpWGSnGGYmrG1mXFxlyF8l2F$kzERkbERkaDRkrCflJBElfBmmNA3nzA1omA_omA6q%mA$v%$x$v%$xed%mAed%mA3l%pA3lDAIkZAkkkBYjQBEjkCkj_C8jFDXitEXiYGXi6IlkhJLlhJoo%hJ$v" /><g i="8" c="264" p="#^TEjsTEmtuE6u5ESutDmvRCRv1C3wdBiwmAiwqziwCy9wOx0wVwBv%1xutzxPtny6ubzou_zou0BouHBWtnCstnCAsnCeseCZr5CHrNBqruB9r_AUquACqMzfqez$pIyIpbyppMx0pmxCo5x4oRwxnRwPmRw$k1yZjezXirBXi5CXiRC5jBDejgErj%3EulNDllrDel6D6lLC1lpCXk5CUkNBRkzBRkCARkZzfllzEllzmmlz9nXzDnxA5oFBBorCXo0DipCDEp0E3qrEuqFE2rTEBrTEjs" /><g i="9" c="265" p="#^pGMvLF3wZEawcEiwsDiw1CiwRANvGzgvOynuWxttrxfsYw0rYwBpYweoox0nQxNlFyUkvz_jJAtjYBXivDXi8EXiUE4jFFcjiGrj%5GolLERkADRkDCRkSBel5BClyAgm0AVmKzNnszEoszApszkqFzbrTz1snALsTAstGBWttCouGDousEou1FbuDF_tdGHt%pGMv" /><g i="10" c="266" p="#^WG$v%WGopWGPnGGVmqG_lZFxlBF9l5F$kBERkbERkaDRkrCflJBElfBmmNA3nzA1omA_omA6q%mA$v%$x$v%$xej%gAej%gAfl%jAflOAhkVBCj0DXisEXiYGXi6IlkhJLlhJoo%hJ$v" /><g i="11" c="267" p="#^AFWpdFWpNEVplETpZDTp4DTphC0qvB8qVArqkAKq_zcrFzFrFzhsFzKsRz7t2AwtnAOtIA4u7BeuyBou0Cou4DouMD2usEItREdtfFJspF9sAFBrAF8r^QF$v%QFlu%NFluxFHu9F2vOEoviEGvODXvaD6wyCiwOBiwWAiw5A6whzWvCytvYx0vyxfu9xut9xls9x5rLxhqlytpez_o8AuobBjofC7o7D7o8E7oGE8ocF8oAFaoyFBntF0noFqm4FXlMErl8E8lwDRkqCRk8BRkaAhldzJlJy8m%By8kWyYjkzLjKzxjgAljOA9jrB2j5CXiUCXilEXiiFkjgGIjRGpkqH6lGH5mXH3nXHeo%XHetXHHtXHquXH8v1I$v" /><g i="12" c="268" p="#^7FclSE4luE1l6E_kQD_kTC_kcCslyBVl8BEmKAnnyAjomAepmA9q%mA$v%$x$v%$xej%cAej%cAcl%fAclsANkNAnk7BYjyBEj_BkjvC8j1DXiCDXiYDXilEZiKE$i7F6j%7Fcl" /><g i="13" c="269" p="#^EHApEHHomHQn4HYmAGim4GElkFflAERkFDRkICRkYBfldBElIAimcAYmWzQnFzHoFzApFzrqUzir7A9sCARs5BxtRBZtCCouFDouGEouqFZtbGxtGGRs9H9soHjrEHsqEHAp^8KBp8K0rFJesbJrtjIlusHevgGMv4FiwFDiwaCiw_AMvOzdvXyju4yotCxas9xXq9xzp9x9oCxYm4yKlWyRkNzYjZAsjaCXiFDXi7FXikGsjxHYjmIRkcJKlGJZm8Kbo8KBp" /><g i="14" c="270" p="#^EHxpEHknHG5mLFRk9ERkaDRksCflLBFlgBlmOA0nAATnmAKomABpmAwqBAmrQAcshBUsLBztsC_t9Dou6EouVEouyF0ucGEtFG_s7HjsnHrrEHzqEHxp^8Kop8KIqPJYrvJbtRI9ubI6v8HIv6GiwFEiwQDiw7D6wqCWvTBDvlBjvXAXuyAzuiAbu%fAbu%fA$v%$x$v%$xed%mAed%mA_k%pA_kYA4kXBwjXCXiDEXi1GXi3Htj6I$jNIUksJNlOJYm8K6o8Kop" /><g i="15" c="271" p="%^iy$viyedFAedFA$v" /><g i="16" c="272" p="%^4y$v4yctTActTA$v" /><g i="17" c="273" p="%^CFHoCF$v6D$v6DHogwxeczxepEmmuJxepMxe" /><g i="18" c="274" p="#^$G$v%$GZt%YGZtLGounGPu$FdvtFzvYEUvgE5wADiwMCiwlAiwazTu$xrt$xPq%$xej%mAej%mAHpmAxqpA9rsANrAAgsIALsUA6t5BstnBKtIB3uaCeuECou8DouXEouWF0tWGDrWG7p%WGej%hJej%hJ$v" /><g i="19" c="275" p="%^3G$vmArpmA$v$x$v$xedmAedmApouFejHIejLCUorJ$v" /><g i="20" c="276" p="#^WGBpWGKoHGTntG0n_FlmwFFlOEfl5ERk7DRkqBRkxA9mFzsnFzzpFzrqSzir4A9swARsZAxtDBZtiCoubDouaEouTEXtBFut1GOsuG6sIGgrWGpqWGBp^1H$v%1Hbu%ZGbuLGzulGXuYFjvoFDvREWv8E6wsDiwDCiwaBiw7AIv5z6vry8uNx9ttxWr9xHq9xop9x3ovxUmRxIlxyQkdzYjfAsjiBXiGCXilEXilFxjlG6kSG_k%WG_k%WGed%hJed%hJ$v" /><g i="21" c="277" p="#^WGBpWGPoIGZnuG6n1GqmBFKlSEil8ERk8DRkfCRkABclVAzluAcm4AQmSzInFzzoFzxpFzEqWzyrcArsGA4t8BItNB2uqCouaDou7EouQEZtyFxt$FSstGbsHGlrWGuqWGBp^WGfB%WGju%SGjuiGev8FMv_DiwECiwfBiwcALvazbvvyeuQxhtux1s9xMq9xkp9x0owxSmTxHlzyPkfzXjgArjiBXiFCXivDXicE8jWEkjsFEj$FYjnGkkLGIkZG2l%1H2l%1Hej%hJej%hJfB" /><g i="22" c="278" p="#^XN$v%XNroXNUnSNfnNNCmxN4mhNxlQMblnMRkDLRk6KRkcJ7mjIonjICp%jI$v%YF$v%YFpoYFwmkFHlJERkEDRk7CRkdB7mkAonkAHp%kA$v%Zx$v%Zxej%aAej%aA4l%dA4lrAKkLAlk3BYjxBEj0CkjHC8jnDXigEXiOEXikF4jTFcjmGwjRGPjfHhkFHLkVHpl7IVkwIskWI$jsJGj_JkjCK8jeLXiTLXi6NXiXNjjNOHjjPlkRP$k3QUliQMmiQJn%iQ$v" /><g i="23" c="279" p="#^$CmxJC8ylCUyZBEzrBdAWAPAdAaBwzyByyyB7yyBGxuBdxrBUwlB%2xrzlxzzCxBzTxEz8yEzEyEz1zrzrzezMzVy5AAykA8yzAIxLAfxQA3xUAQwYACwYAswYAhwQA1wJANvGACv%awej%Lyej%aCNt%dCNt%JFej%5Iej" /><g i="24" c="280" p="#^EHxpEHknIG5mNFRk7ERk6DRkoCilGBKldBqmNA6nzAZnmAPomABpmArqAAirOA8sfBQsIBwtpCYt7Dou6EouTEouxF1ubGFtEG0t6HmsnHtrEHAqEHxp^8Kop8KNqOJ1ssJhtNIeu6Ibv3HLv1GiwDEiw$Ciw_BKv_A9vpAeu%mAeu%mAfB%$xfB%$xej%fAej%fA1l%iA1lRAckYBAj4DXiAEXiYFXi$Gsj3IYjLIQkrJIlNJUm8K3o8Kop" /><g i="25" c="281" p="#^gF_eMERefEReWCReoCvfTB9gTBVh%TBej%fFej%fF8l%TB8l%TB$v%wz$v%wz8l%vw8l%vwej%wzej%wz2iwzNgJzQfXzSerAdeXAAdMBgdBCXcPDXczEXcnF4d" /><g i="26" c="282" p="%^AAKgAARl2HRl2H2oAA2oAA$v4y$v4yxelHxelHKg" /><g i="27" c="283" p="#^kH6rkHZr2HTsMGNt1GyujFjv4EPvRCiwXAiw3Aiw8z3weyRvmxzv%CxetryAtqzRtpA5ugB5uSB5usCWt3DKtyDot1E1tlEwsGE_rGEhrGEPqxEoqoEYp1EzpGD9p1DMooCmooBVntAvnHz2nWyAmmy0mOxrluxIkaxYjaxYiaxThzx$gZx7gIyvfrzTesAzetBeeJCeeMDeeKEpeIFAevGSe%9G9hcFLguEBgMDrgYCrgtBrgEA1hQzChQzIiQzCjuAfk8BTkDCzlGD3myEzmqF3n1GInEGko_G9pkH_pkH6r" /><g i="28" c="284" p="%^FI$vLAEhIAEhIA$vcy$vcyxeBBxeiJAsmJAsmJxeSLxeSL$v" /><g i="29" c="285" p="#^WGKpWGNoHGVntG0n$FlmyFFlREfl8ERkdDRkjCRkFBhl$AJlyAom5A3nTzVnFzKoFzzpFzwqUzlr8A9sCANs4BotKBLtoC5ubD5u$D5uGELtlFptRFRslGgsDGtrWGFqWGKp^hJwvhJhxKIrybICzgHiAmG_A9FgBZDyBFCyBkByBfAhBbz1B6yFA%myuy_yLywzZy3AbzAAkz6BuzGBzzeCEzVCEzNDEzwEmzgF4zNFxyjG_xCG9xWGlwWGdv%WG0u%SG0udGUu6Fsv0E$vDC$v7B$v4Aqv2zRunyXtJx0trxVr9xNq9xHp9xCotxqnNxemtyel9zekeABjkBXiTCXivDXi5E1jIE7jfFnjOFDjfG3kIGuk2H7l%5H7l%5Hej%hJej%hJwv" /><g i="30" c="286" p="#^wKFv0KSvtJ_vXI6wpIawTHewoHgwVGiwxGiwqEiwJCEv1B_uQzOtDyBsZxVqkxcpkx8nkx9l0ywjIyThWzIg9BxfRCUexEeezGeezHeeyIoexJyeuK_e%hKphpJVgwIGgDHrgHGrg9FrgVDZgGCuhOBpiWAjjsAyk_zNl_zen_zNouA2q$AjrUBdsNC6t_DCtbF5uzG5u1H5uyH1u4IYtBIRt6JKtzJBt0KrtmKet%wKFv" /><g i="31" c="287" p="%^ZEUgvBypsIyp^1L$vfJBrHABrWy$viw$vLDxenGxeLN$v" /><g i="32" c="288" p="%^YwdqYwjonDjonDdq" /><g i="33" c="289" p="#^uLcnuL9mbLYkVKLjdKLiyJLhsI5hmHrgKFrgfErgaD0h6CAhoByiGAvjkAJk_zXl_zcn_zsoiAIpCAXqiBWr_BUs4DvtaE5uKF5ukH5uqIttxJQscKRrTKRqaLDpuLpouLcn^8Ogn8OlpxN1rXMJsPLTtIK1v9JGvCHiwIFiwVDiwmCIvQA5vIzXtAyNsYx5rkxppkxenkxjlUxFjsy$hxzPgDACfaCWeJDeeKFeeFHeedJUeNKyfSLKgYMWhyNBj8Ofl8Ogn" /><g i="34" c="290" p="%^rzFkixFkRyxeFBxe" /><g i="35" c="291" p="%^lF$vcC_q2z$vfw$vRAjpHwejDzejoCNndFejRHejLDjpfI$v" /><g i="36" c="292" p="#^yGNjyGWiaGmiPFNheFqhGE2hZDUggDKgBCKg%AAKg%AAPm%XCPmGEPmCFZlyG7lyGNj^cJKjcJalHIbmaIcnjHQnsGsokFKodE0p$C0p%AA0p%AA$v%4y$v%4yxe%GCxe7ExekFQeyG7foHLffIngJInhcJmicJKj" /><g i="37" c="293" p="#^PLPoPLeqtLBr7LXskK_tyJ1vfIGvYGiw2FiwyDiwiCSv2Bpv8AvufzBtLyasfyKqfyLo%fyxe%LAxe%LAuoLAsrSBNsZC5u1F5uiH5uiIGsjJerjJmo%jJxe%PLxe%PLPo" /><g i="38" c="294" p="%^Lykzvwkz3yctTAct" /><g i="39" c="295" p="%^AP$vmM$vyIKgvIKgGE$vkB$v2wxeOyxeZCut0DutLGxeiKxe4Out7OutjSxeYUxe" /><g i="40" c="296" p="#^sDzrsDAsaDstUCjuiCXuJBzvOAXvTziwzyiw2yiwxxdw0x9www_v%wwQtOwYtex1uGx5u5y5u$y5uyzRt5AAtpA7tJAFsQA1sYAorYACq%YAxe%sDxe%sDzr" /><g i="41" c="297" p="#^aDNnKC4oiCpoSBKovB8p9BxpXA2qKAzqKAcrKASrZArscB$sFBrt6CStKC7unDou9Eou4FouVFXtKGutnHIs^IGeiIGchaGGgEF8gEE8g4E8gGDkggDwg0DQgMC8hECyhxCXhxCmixC9jXCTjlDAk4EllgFKk_FZjIGbjIGei^8K$v%IIiuKHqvvGSvhFiwKDiwsCiwpBYvnACvDz_uUymuuytt4yzs4yrr4yoqmyBpEyNo9zaoHzznoA6n6BFmZBjmbBmlGArkaAvjaAeiaAchyArgWAGfyBbfbCIe0DteRDeeLEeeJFeevGweiHNeSHhfqINfKIwg3Jeh3J7i3J1jHIMjkIukMH2lcHClxG1mSFrmeFKm%NINq$IoqaJ$pmJCpuJ7pDJEoIJ1oOJpnSJzm%dMzm8MwnZLjoPL6pzLQpkLxq_KcrFKSrcKys%gN$v" /><g i="42" c="298" p="%^ey$veyxeKAxeKA$v" /><g i="43" c="299" p="%^my$vmyxe7Ixe7IKgSAKgSARluHRluH2oSA2oSAOt7IOt7I$v" /><g i="44" c="300" p="%^kJ$vaEBobz$vbw$vDCVmMwxeMzxeqEel2JxeVLxe1GSmuM$v" /><g i="45" c="301" p="%^cEKgcE$vIB$vIBKggwKggwxeDJxeDJKg" /></glyphs></font><font id="70" name="Articulate Light Charset1 6VDr9KupAYw"><glyphs><g i="0" c="256" p="%^7D1g7D$vpB$vpB1gfw1gfwxegIxegI1g" /><g i="1" c="257" p="%^MI$vMIMnWzMnWz$vcy$vcyxeWzxeWzgmMIgmMIxeuKxeuK$v" /><g i="2" c="258" p="%^Xx$vXxxeFzxeFz$v" /><g i="3" c="259" p="#^aHmraHJsDGGt5GCugFbvrEMvqD1wqCiwtBiwjAiwjz5wjyUvuxyv%GxMtyyjutzzuoAOuvBOuzCOujDvu3EbuxEHt0FbteFyssFVrsFersFmqSEJpgE3pmDwotCYnrBqnqAUmwzemDyAl1yMksxXjsxLisxKhTxUgiy2g2ztfOzTeOAzeOBeeZCeeLEeeoGOe%7GngtF1gDEUfODKfZCKfaBKfaAxgazkhazIiazCjLzeklASkeBpl8CXl9DsmbEYm4FDn_FhoAGbpaH4qaHmr" /><g i="4" c="260" p="#" /><g i="5" c="261" p="#^dKyvRJMvkJVvPI2wgI7wKHdwbHfwFGiweGiw9EiwxCEvVA_uLzOtCyCs0yYqqxhpqxenqxhl0yEjCy_hLzNgUAAfwCVe9EeedGeeFGeecHgeMHiejIneSIsemJAeSJIedKTe%6KugeJ2gbIUf8HKfgGKfxEKfbDjgSBTgYAUh3AViBzhk8zFl8zhn8zVoAzhq1AFrWAFsQBFt9DeuuEOueGOurHOusICutJpu6K1u%dKyv" /><g i="6" c="262" p="#^_Kgn_KSlCKwkfK9jwJ5iOI1hGHogyGKf1FKfvDKfnCogfB1hwA5iOz9jrzwk4zSl4zgn4zEoqz$pMzlruApsdBttlC8utDOu1FOuAGOuIH8uQIttyJpshKlrDK$p_KEo_Kgn^IM6nIM6pdMOqLLusNKJtQJXuoIDvYGiw1Fiw5DiwFBDvdAXufzJtiyusQxOqmx6pmx6nmxjlRxIjky4ihzTgfAFfHBYe7Dee1FeeWGeemIYeOJFfLKTgJL4icMIjIMjlIM6n" /><g i="7" c="263" p="%^qI$vIzXgFzXgFz$vXx$vXxxe6AxeZIUt1JUt1JxeLKxeLK$v" /><g i="8" c="264" p="%^$x$v$xxeJzxeJzvuJGvuJG$v" /><g i="9" c="265" p="#^HKUpHKQr2K5tpJlurI3vuHMvnG1whFiwnEiwaDiw1CYvVACv0ASu7z5uAyTs1yFr1yVp%1yxe%Lzxe%LzYpLzNqZzErbAusJAbtgBUt8Clu1DOumEOuuGOuJHwtZIdsZIRp%ZIxe%HKxe%HKUp" /><g i="10" c="266" p="#^lJ7nlJ7lMIMjcIpieHAhhGLg$EogJD1giC1g%Jz1g%Jzvu%bBvuPCvuiE9uNFPtUG_s$H8sGIKqlJjplJ7n^3Lgn3LbpuKOqWJosIIztvHJuBFmvID$v0B$v%$x$v%$xxe%lCxeIExelGbf$HQf2J_g6K7iAKLj3Lml3Lgn" /><g i="11" c="267" p="%^9y$v9yxeIGxeIG1gTz1gTzgmlGgmlGMnTzMnTzvu$Gvu$G$v" /><g i="12" c="268" p="#^6G1j6G$hMFphqFOgREvggEcguD7gJC1gTB1g%Wz1g%Wzgm%JBgmyCgmkD5m7EVlKExllF9lJFyk6GWj6G1j^gH$v%PEgqrEmp4ERoJDkojD5oWCSnsCPn$BMntBMn%WzMn%Wz$v%cy$v%cyxe%LCxeGDxeAEKevFWedGrfYGYfoHQgQHIhQH4jQHQjzHwkiHblOGJliGemAFBmTEYmZD4n%ZD7nqEcnJEkn0FrnfFGnvFUnIFgoWFEobGep%aJ$v" /><g i="13" c="269" p="%^kEbgwAQp5IQp^yK$vGIkrTzkr$x$vjw$vtDxeqFxemM$v" /><g i="14" c="270" p="#^QLdviKSvYI4wDHiwoGiwhEiwECDv$AXuTzKtLyxsayUqCxepCxgnCxcleyxjTySh1AHgcBvfQCTesEeepGeeWGeeyHheaIkeOIqeqJve0KGeDKQe4L2f%TKFgQJ4gEIVftHKfpGKfJEKfpDig5CSgaBShgASiOzfkkzDlkzhnkzXoNzjqfAHr8BHs1CHtmDfuIEOupGOuNGOuhHMuOHKujIGuRIBujJuuOJmu6Kau%6K2o%2G2o%2Gym%QLym%QLdv" /><g i="15" c="271" p="%^sy$vsyVtuAVtuA$v" /><g i="16" c="272" p="%^yI$v5Agn5A$vny$vnyxe5Axe5AmmXHxebKxeKBLmWK$v" /><g i="17" c="273" p="%^vEAovE$vNC$vNCAoiwxeiyxeDD2n5JxeZKxe" /><g i="18" c="274" p="%^Fz1gFzgmWFgmWFMnFzMnFz$vXx$vXxxeeGxeeG1g" /><g i="19" c="275" p="%^mO$vmOfgiOfgYH$vtG$vWzfgTzfgTz$v9y$v9yxeQAxecHUtBNxe4Qxe4Q$v" /></glyphs></font></bwFonts>